[
  {
    "id": "1b4ece9d-8076-472f-8b2f-58da2b5fbd92",
    "guestName": "John Doe",
    "roomNumber": 100,
    "requestDetails": "Extra towels and a toothbrush",
    "priority": 1,
    "status": "received"
  },
  {
    "id": "c5f01ee8-9ea6-4219-92ec-89487b8b45eb",
    "guestName": "Jane Smith",
    "roomNumber": 200,
    "requestDetails": "Room cleaning and water bottles",
    "priority": 4
  },
  {
    "id": "fe872b9a-6100-4979-9c6a-7de245cb36f7",
    "guestName": "Alice Johnson",
    "roomNumber": 102,
    "requestDetails": "Dinner and wine service",
    "priority": 3,
    "status": "completed"
  },
  {
    "id": "791ea195-b25d-4f85-b734-782542782670",
    "guestName": "Bob Brown",
    "roomNumber": 103,
    "requestDetails": "Air conditioning check",
    "priority": 4,
    "status": "completed"
  },
  {
    "id": "93c3626b-bff4-4fec-996c-b738ac98162f",
    "guestName": "Satyam Jain",
    "roomNumber": 201,
    "requestDetails": "Extra towels and a toothbrush",
    "priority": 1,
    "status": "received"
  }
]